Department,Account Platform,Account Link
Animal Services Dept.,INSTAGRAM,https://www.instagram.com/austinanimalcenter/
Animal Services Dept.,TWITTER,https://twitter.com/austinanimals
Animal Services Dept.,FACEBOOK,https://www.facebook.com/AustinAnimalCenter/
Animal Services Dept.,YOUTUBE,https://www.youtube.com/channel/UC3Jt4NeLhgyJwzYowNoZbfQ
Animal Services Dept.,FACEBOOK,https://www.facebook.com/mascotasdeaustin/
Austin / Travis County EMS,FACEBOOK,https://www.facebook.com/AustinTravisCountyEMS/
Austin / Travis County EMS,TWITTER,https://twitter.com/ATCEMS
Austin / Travis County EMS,YOUTUBE,https://www.youtube.com/channel/UCFoxop0QGhVqbhg0kFRmXiQ
Austin / Travis County EMS,LINKED_IN,https://www.linkedin.com/company/austin-travis-county-emergency-medical-services
Austin / Travis County EMS,INSTAGRAM,http://Instagram.com/atcemsmedics
Austin 3-1-1,FACEBOOK,https://www.facebook.com/atx311/
Austin 3-1-1,INSTAGRAM,https://www.instagram.com/atx311/
Austin 3-1-1,TWITTER,https://twitter.com/ATX_311
Austin Code,FACEBOOK,https://www.facebook.com/AustinCodeATX/
Austin Code,INSTAGRAM,https://www.instagram.com/austincode/
Austin Code,TWITTER,https://twitter.com/Austin_Code
Austin Code,YOUTUBE,https://www.youtube.com/channel/UCRsPmJT7ZguKyWOZrKgaAdA?view_as=subscriber
Austin Code,FLICKR,https://www.flickr.com/people/155096910@N05
Austin Energy,FACEBOOK,https://www.facebook.com/austinenergy/
Austin Energy,FACEBOOK,https://www.facebook.com/austinenergysciencefest/
Austin Energy,FACEBOOK,https://www.facebook.com/aegreenbuilding/
Austin Energy,FACEBOOK,https://www.facebook.com/AustinEnergyElectricVehicles/
Austin Energy,TWITTER,https://twitter.com/austinenergy
Austin Energy,LINKED_IN,https://www.linkedin.com/company/austin-energy
Austin Energy,VIMEO,https://vimeo.com/austinenergy
Austin Energy,TWITTER,https://twitter.com/AustinEnergyGM
Austin Energy,YOUTUBE,https://www.youtube.com/user/AustinEnergyVideos
Austin Fire Dept.,FACEBOOK,https://www.facebook.com/AustinFireDept./
Austin Fire Dept.,FACEBOOK,https://www.facebook.com/StreetsmartFirefighter/
Austin Fire Dept.,FACEBOOK,https://www.facebook.com/AFDtraining/
Austin Fire Dept.,FACEBOOK,https://www.facebook.com/AustinFireDeptWildfireDivision/
Austin Fire Dept.,FACEBOOK,https://www.facebook.com/afdpost370/
Austin Fire Dept.,YOUTUBE,https://www.youtube.com/channel/UCvNi8Sgfs9qOdKMeyQCvo0Q
Austin Fire Dept.,TWITTER,https://twitter.com/austinfiredept
Austin Fire Dept.,TWITTER,https://twitter.com/WildfireDiv
Austin Fire Dept.,TWITTER,https://twitter.com/AFDIncidents
Austin Fire Dept.,TWITTER,https://twitter.com/AustinFireInfo
Austin Fire Dept.,INSTAGRAM,https://www.instagram.com/austinfiredept/?hl=en
Austin Police Dept.,INSTAGRAM,https://www.instagram.com/austin_police/
Austin Police Dept.,INSTAGRAM,https://www.instagram.com/apdpal/
Austin Police Dept.,INSTAGRAM,https://www.instagram.com/apdregion3/
Austin Police Dept.,INSTAGRAM,https://www.instagram.com/joinapd/
Austin Police Dept.,TWITTER,https://twitter.com/chief_manley
Austin Police Dept.,TWITTER,https://twitter.com/Austin_Police
Austin Police Dept.,TWITTER,https://twitter.com/joinapd
Austin Police Dept.,FACEBOOK,https://www.facebook.com/APDMounted/
Austin Police Dept.,FACEBOOK,https://www.facebook.com/AustinPolice/
Austin Police Dept.,FACEBOOK,https://www.facebook.com/AustinPoliceReg2/
Austin Police Dept.,FACEBOOK,https://www.facebook.com/APDRegion1/
Austin Police Dept.,FACEBOOK,https://www.facebook.com/JoinAPD/
Austin Police Dept.,FACEBOOK,https://www.facebook.com/APDRegion3/
Austin Police Dept. -- Police Activities League,FACEBOOK,https://www.facebook.com/Apdpal/
Austin Police Dept. -- Region IV,FACEBOOK,https://www.facebook.com/AustinPoliceDept/
Austin Police Dept.,FACEBOOK,https://www.facebook.com/APDenEspanol/
Austin Police Dept.,FACEBOOK,https://www.facebook.com/AustinPD911/
Austin Public Health,FACEBOOK,https://facebook.com/Moms-Place-WIC-Breastfeeding-Clinic-174355179255626/
Austin Public Health,FACEBOOK,https://www.facebook.com/austinhivpc/
Austin Public Health,FACEBOOK,https://www.facebook.com/austinpublichealth/
Austin Public Health,FACEBOOK,https://www.facebook.com/AustinYCouncil/
Austin Public Health,FACEBOOK,https://www.facebook.com/MHFCAustin/
Austin Public Health,FACEBOOK,https://www.facebook.com/cityofaustinVISTA
Austin Public Health,TWITTER,https://twitter.com/AusPublicHealth
Austin Public Health,TWITTER,https://twitter.com/austinycouncil?lang=en
Austin Public Health,YOUTUBE,https://www.youtube.com/user/HPHPAustin
Austin Public Health,YOUTUBE,https://www.youtube.com/user/tobaccofreeatx
Austin Public Health,YOUTUBE,https://www.youtube.com/user/HPHPAustin
Austin Public Health,INSTAGRAM,http://instagram.com/austinpublichealth
Austin Public Health,INSTAGRAM,https://www.instagram.com/austinyouthcouncil/?hl=en
Austin Public Library,TWITTER,https://twitter.com/AustinPublicLib
Austin Public Library,TWITTER,https://twitter.com/BiblioPublicaAu
Austin Public Library,TWITTER,https://twitter.com/RecycledReadsTX
Austin Public Library,FLICKR,https://www.flickr.com/photos/123672095@N02
Austin Public Library,INSTAGRAM,https://instagram.com/austinpubliclibrary/
Austin Public Library,INSTAGRAM,https://www.instagram.com/austinhistorycenter/
Austin Public Library,INSTAGRAM,https://www.instagram.com/recycledreadstx/
Austin Public Library,FACEBOOK,https://www.facebook.com/AustinLibrary/
Austin Public Library -- APL Austin,YOUTUBE,http://www.youtube.com/user/aplacmc
Austin Public Library -- Biblioteca,FACEBOOK,http://www.facebook.com/bibliotecapublicadeaustin
Austin Public Library -- Carver,YOUTUBE,https://www.youtube.com/channel/UCJ3WjZWqcHpfS25VDpgSTxw
Austin Public Library -- Carver,FACEBOOK,https://www.facebook.com/CarverAPL/
Austin Public Library -- Central,FACEBOOK,https://www.facebook.com/CentralLibraryAPL/
Austin Public Library -- Cepeda,YOUTUBE,https://www.youtube.com/channel/UCH9ggC2NAuJJlm2x7bk7CEQ
Austin Public Library -- Cepeda,FACEBOOK,https://www.facebook.com/CepedaAPL/
Austin Public Library -- Faulk,YOUTUBE,https://www.youtube.com/channel/UCJQMFY5R4xn7I0S9ay3-05A
Austin Public Library -- Faulk,FACEBOOK,https://www.facebook.com/FaulkAPL/
Austin Public Library -- Hampton,FACEBOOK,https://www.facebook.com/HamptonAPL/
Austin Public Library -- Hampton,YOUTUBE,https://www.youtube.com/channel/UCVAwO23Ig0cgVav65bjvw_A
Austin Public Library -- History Center,YOUTUBE,http://www.youtube.com/c/AustinHistoryCenterVideos
Austin Public Library -- History Center,FACEBOOK,http://www.facebook.com/AustinHistoryCenter
Austin Public Library -- Howson,YOUTUBE,https://www.youtube.com/channel/UCSyyv7zJWvVk5SxwcTUsy-A
Austin Public Library -- Howson,FACEBOOK,https://www.facebook.com/HowsonAPL/
Austin Public Library -- Little Walnut,YOUTUBE,https://www.youtube.com/channel/UC_YadwFZWYHGbRlQ5QsePwA
Austin Public Library -- Little Walnut,FACEBOOK,https://www.facebook.com/LittleWalnutCreekAPL/
Austin Public Library -- Main,YOUTUBE,https://www.youtube.com/channel/UCnIDX8CeX6p6Gwr3mrfr2Gg
Austin Public Library -- Manchaca,FACEBOOK,https://www.facebook.com/ManchacaRoadAPL/
Austin Public Library -- Manchaca,YOUTUBE,https://www.youtube.com/channel/UCmier8gqHtP0HjMXA8bvtOQ
Austin Public Library -- Milwood,YOUTUBE,https://www.youtube.com/channel/UCH32XuSMLUNnfwhDexHmVGg
Austin Public Library -- Milwood,FACEBOOK,https://www.facebook.com/MilwoodAPL/
Austin Public Library -- North Village,YOUTUBE,https://www.youtube.com/channel/UCCL_VyXCu5bplKoxSo9l72g
Austin Public Library -- North Village,FACEBOOK,https://www.facebook.com/NorthVillageAPL/
Austin Public Library -- Old Quarry,YOUTUBE,https://www.youtube.com/channel/UCg9z3VbvTJS5nZKQFkmgsDA
Austin Public Library -- Old Quarry,FACEBOOK,https://www.facebook.com/OldQuarryAPL/
Austin Public Library -- Pleasant Hill,YOUTUBE,https://www.youtube.com/channel/UCbWuJh_a5VFFmne82QGwrtw
Austin Public Library -- Pleasant Hill,FACEBOOK,https://www.facebook.com/PleasantHillAPL/
Austin Public Library -- Recycled Reads,FACEBOOK,https://www.facebook.com/RecycledReads/
Austin Public Library -- Recycled Reads,YOUTUBE,https://www.youtube.com/channel/UCrpuvLiQtTmFTwdrZI0HI4g
Austin Public Library -- Ruiz,FACEBOOK,https://www.facebook.com/RuizAPL/
Austin Public Library -- Ruiz,YOUTUBE,https://www.youtube.com/channel/UCHqPiPny-ghcAkXdF_V1lqg
Austin Public Library -- Southeast,YOUTUBE,https://www.youtube.com/channel/UCJtSmugKWv3yGfAfynjAVQQ
Austin Public Library -- Southeast,FACEBOOK,https://www.facebook.com/SoutheastAPL/
Austin Public Library -- Spicewood Springs,YOUTUBE,https://www.youtube.com/channel/UCVVpv1Iz55KBaSPWFjskDcg
Austin Public Library -- Spicewood Springs,FACEBOOK,https://www.facebook.com/SpicewoodSpringsAPL/
Austin Public Library -- St. John,YOUTUBE,https://www.youtube.com/channel/UCk6VFPBGgikbxtr8vVsyoOg
Austin Public Library -- St. John,FACEBOOK,https://www.facebook.com/stjohnAPL/
Austin Public Library -- Terrazas,FACEBOOK,https://www.facebook.com/TerrazasAPL/
Austin Public Library -- Terrazas,YOUTUBE,https://www.youtube.com/channel/UClKfTHv_lCo2qPYvBb6kFYA
Austin Public Library -- Twin Oaks,YOUTUBE,https://www.youtube.com/channel/UCu6FcX4BQld7PeAKTAuv9pA
Austin Public Library -- Twin Oaks,FACEBOOK,https://www.facebook.com/TwinOaksAPL/
Austin Public Library -- University Hills,YOUTUBE,https://www.youtube.com/channel/UCJBWmhfNrCjzjPx3xblUZYg
Austin Public Library -- University Hills,FACEBOOK,https://www.facebook.com/UniversityHillsAPL/
Austin Public Library -- Willie Mae Kirk,YOUTUBE,https://www.youtube.com/channel/UCY6M7BjwSRAWUoFX-PWqq2Q
Austin Public Library -- Willie Mae Kirk,FACEBOOK,https://www.facebook.com/WillieMaeKirkAPL/
Austin Public Library -- Windsor,YOUTUBE,https://www.youtube.com/channel/UCQWUH5uSQbsxpiXBuSqmqsw
Austin Public Library -- Windsor,FACEBOOK,https://www.facebook.com/WindsorParkAPL/
Austin Public Library -- Yarborough,YOUTUBE,https://www.youtube.com/channel/UC7aVNlGNUf9g0pDDPfqFBvA
Austin Public Library -- Yarborough,FACEBOOK,https://www.facebook.com/YarboroughAPL/
Austin Public Works,FLICKR,https://www.flickr.com/photos/69651241@N03/
Austin Public Works,FACEBOOK,https://www.facebook.com/atxpublicworks/
Austin Public Works,VIMEO,https://vimeo.com/user96626304
Austin Public Works,INSTAGRAM,https://www.instagram.com/atxgreenbuilding/
Austin Resource Recovery,FACEBOOK,https://www.facebook.com/austinrecycles/
Austin Transportation Dept.,TWITTER,https://twitter.com/smarttripsatx
Austin Transportation Dept.,INSTAGRAM,https://www.instagram.com/smarttripsaustin/
Austin Transportation Dept.,FACEBOOK,https://www.facebook.com/SmartTripsAustin/
Austin Transportation Dept.,TWITTER,https://twitter.com/austinmobility
Austin Transportation Dept.,FACEBOOK,https://www.facebook.com/ATXTransportation/
Austin Transportation Dept.,FLICKR,https://www.flickr.com/people/149573874@N02
Austin Water Utility,TWITTER,https://twitter.com/AustinWater
Austin Water Utility,FACEBOOK,https://www.facebook.com/AustinWater/
Austin Water Utility,YOUTUBE,https://www.youtube.com/channel/UCfinkDrxH0IrTzF5FrKCBbg
Austin Water Utility,INSTAGRAM,http://www.instagram.com/austin_water
Austin Water Utility: BCP IG,INSTAGRAM,https://www.instagram.com/austinbcp/
Austin Water Utility: BCP FB Connection,FACEBOOK,https://www.facebook.com/Balcones-Canyonlands-Preserve-IG-Connection-111238937145941/
Austin Water Utility: Wildlands Facebook,FACEBOOK,https://www.facebook.com/austinwildlandconservation
Austin Water Utility: Wildlands Flickr,FLICKR,https://www.flickr.com/photos/95754348@N05
Austin Water Utility: Wildlands IG,INSTAGRAM,https://www.instagram.com/wildlandsforwater/
Austin Water Utility: Wildlands YouTube,YOUTUBE,https://www.youtube.com/channel/UCBx7273yjduk76B482qxQKQ?view_as=subscriber
Aviation Dept.,TWITTER,https://twitter.com/AUStinAirport
Aviation Dept.,FACEBOOK,https://www.facebook.com/abia/
Aviation Dept.,YOUTUBE,https://www.youtube.com/channel/UCtgd2imryBO2NGtF00FsBDA?view_as=subscriber
Aviation Dept.,INSTAGRAM,https://www.instagram.com/ausairport/
Aviation Dept.,TWITTER,https://twitter.com/ABIA_Parking
Aviation Dept.,FACEBOOK,https://www.facebook.com/parkabia/
Aviation Dept.,INSTAGRAM,https://www.instagram.com/abiaparking/?hl=en
Capital Contracting Office,FACEBOOK,https://www.facebook.com/CapitalContractingOffice/
Corridor Program Office,TWITTER,https://twitter.com/atxcorridors
CPIO,INSTAGRAM,https://www.instagram.com/austintexasgov/
CPIO,YOUTUBE,https://www.youtube.com/channel/UCa6J9IdgL8Lir6YIQNsbkgQ
CPIO,FACEBOOK,https://www.facebook.com/atxpakstartups/
CPIO,FACEBOOK,https://www.facebook.com/austintexasgov/
CPIO,TWITTER,https://twitter.com/austintexasgov
CPIO,FLICKR,http://www.flickr.com/photos/austintexasgov/
CPIO,PINTEREST,https://www.pinterest.com/austintexasgov/
CPIO,FACEBOOK,https://www.facebook.com/profile.php?id=1508965895
CPIO,FACEBOOK,https://www.facebook.com/AsianLifeATX/
CPIO,TWITTER,https://twitter.com/COACityworks
CPIO,FACEBOOK,https://www.facebook.com/CityWorksATX/
CTM,TWITTER,https://twitter.com/atxgo
Development Services Dept.,FACEBOOK,https://www.facebook.com/NatureCityATX/
Development Services Dept.,INSTAGRAM,https://www.instagram.com/naturecityatx/
Development Services Dept.,TWITTER,https://twitter.com/NatureCityATX
Development Services Dept.,TWITTER,https://twitter.com/CityArboristATX
Development Services Dept.,FACEBOOK,https://www.facebook.com/developmentatx/
Development Services Dept.,TWITTER,https://twitter.com/DevelopmentATX
Development Services Dept.,INSTAGRAM,https://www.instagram.com/developmentatx/
Economic Development Dept.,FACEBOOK,https://www.facebook.com/SoulyATX/
Economic Development Dept.,FACEBOOK,https://www.facebook.com/PeoplesGalleryATX/
Economic Development Dept.,FACEBOOK,https://www.facebook.com/AustinAIPP/
Economic Development Dept.,INSTAGRAM,https://www.instagram.com/cityofaustinarts/
Economic Development Dept.,TWITTER,https://twitter.com/ATXMusicOffice
Economic Development Dept.,TWITTER,https://twitter.com/econvitalityATX
Economic Development Dept.,TWITTER,https://twitter.com/SmallBizAustin
Economic Development Dept.,FACEBOOK,https://www.facebook.com/CityofAustinArts/
Economic Development Dept.,FACEBOOK,https://www.facebook.com/ATXMusicOffice/
Economic Development Dept.,INSTAGRAM,https://www.instagram.com/atxmusicoffice/
Economic Development Dept.,FACEBOOK,https://www.facebook.com/smallbizaustin
Economic Development Dept.,YOUTUBE,https://www.youtube.com/user/SmallBizAustin
Economic Development Dept.,FACEBOOK,https://www.facebook.com/CPSCI/
Economic Development Dept.,INSTAGRAM,https://www.instagram.com/soulyatx/
Economic Development Dept.,FACEBOOK,https://www.facebook.com/AACHFAustin/
Equity Office,FACEBOOK,https://www.facebook.com/groups/2431334057149669/
HSEM,FACEBOOK,https://www.facebook.com/austincert/
HSEM,FACEBOOK,http://Facebook.com/AustinHSEM
HSEM,TWITTER,https://twitter.com/AustinHSEM
HSEM,TWITTER,http://twitter.com/certatx
Human Resources Dept.,FACEBOOK,https://www.facebook.com/Austin-Commission-for-Women-317978001634703/
Human Resources Dept.,FACEBOOK,https://www.facebook.com/Austin-Texas-Human-Rights-Commission-197284103759491/
Human Resources Dept.,FACEBOOK,https://www.facebook.com/ATXCoIA/
Human Resources Dept.,FACEBOOK,https://www.facebook.com/ATXveterans/
Human Resources Dept.,TWITTER,https://twitter.com/AustinCityJobs
Human Resources Dept.,FACEBOOK,https://www.facebook.com/pages/austincityjobs
Human Resources Dept.,LINKED_IN,https://www.linkedin.com/company/city-of-austin/
Innovation Office,TWITTER,https://twitter.com/civiqueso
Innovation Office,FACEBOOK,https://www.facebook.com/groups/atxhaca/
Neighborhood Housing/Community Development,FLICKR,https://www.flickr.com/people/131684660@N06
Office of Police Oversight,FACEBOOK,https://www.facebook.com/atxpoliceoversight
Office of Police Oversight,TWITTER,https://twitter.com/atx_opo
Office of Sustainability,FACEBOOK,https://www.facebook.com/austinsustainability/
Office of Sustainability,FLICKR,https://www.flickr.com/photos/156180758@N08/
Office of the City Auditor,FACEBOOK,https://www.facebook.com/AustinAuditor/
Office of the City Auditor,TWITTER,https://twitter.com/AustinAuditor
Office of the City Auditor,INSTAGRAM,https://www.instagram.com/austinauditor/
Office of the Medical Director,TWITTER,https://twitter.com/atcemsomd
Office of the Medical Director,FACEBOOK,https://www.facebook.com/ATCEMSOMD/
Parks and Recreation Dept.,FACEBOOK,https://www.facebook.com/zilkerhillside/
Parks and Recreation Dept.,FACEBOOK,https://www.facebook.com/atxcaminos/
Parks and Recreation Dept.,FACEBOOK,https://www.facebook.com/atxparkrangers/
Parks and Recreation Dept.,INSTAGRAM,https://www.instagram.com/brushsquaremuseums/
Parks and Recreation Dept.,INSTAGRAM,https://www.instagram.com/austincityparks/
Parks and Recreation Dept.,INSTAGRAM,https://www.instagram.com/elisabetneyatx/
Parks and Recreation Dept.,INSTAGRAM,https://www.instagram.com/atxcaminos/
Parks and Recreation Dept.,INSTAGRAM,https://www.instagram.com/carvermuseumatx/
Parks and Recreation Dept.,INSTAGRAM,https://www.instagram.com/esbmacc
Parks and Recreation Dept.,TWITTER,https://twitter.com/ElisabetNeyATX?lang=en
Parks and Recreation Dept.,INSTAGRAM,https://www.instagram.com/lifeguardaustin
Parks and Recreation Dept.,INSTAGRAM,http://instagram.com/aarcatx
Parks and Recreation Dept.,TWITTER,https://twitter.com/ohenrymuseum
Parks and Recreation Dept.,TWITTER,https://twitter.com/golfatx
Parks and Recreation Dept.,TWITTER,https://twitter.com/ESBMACC
Parks and Recreation Dept.,TWITTER,https://twitter.com/CarverMuseumATX
Parks and Recreation Dept.,TWITTER,https://twitter.com/DoughertyArts
Parks and Recreation Dept.,TWITTER,https://twitter.com/AustinCityParks
Parks and Recreation Dept.,TWITTER,https://twitter.com/aarcatx
Parks and Recreation Dept.,YOUTUBE,https://www.youtube.com/channel/UCGlTePOOQvJdLkF5pPZLtoA
Parks and Recreation Dept.,FACEBOOK,https://www.facebook.com/austinparksseniors/
Parks and Recreation Dept.,FACEBOOK,https://www.facebook.com/aarcatx/
Parks and Recreation Dept.,FACEBOOK,https://www.facebook.com/ATXnaturecenter/
Parks and Recreation Dept.,FACEBOOK,https://www.facebook.com/doughertyarts/
Parks and Recreation Dept.,FACEBOOK,https://www.facebook.com/AustinESBMACC/
Parks and Recreation Dept.,FACEBOOK,https://www.facebook.com/pardathletics/
Parks and Recreation Dept.,FACEBOOK,https://www.facebook.com/AustinCityParks/
Parks and Recreation Dept.,FACEBOOK,https://www.facebook.com/obemporium/
Parks and Recreation Dept.,FACEBOOK,https://www.facebook.com/TCTAaustin/
Parks and Recreation Dept.,FACEBOOK,https://www.facebook.com/CarverMuseumATX/
Parks and Recreation Dept.,FACEBOOK,https://www.facebook.com/austinparksfamilies/
Parks and Recreation Dept.,FACEBOOK,https://www.facebook.com/golfatx/
Parks and Recreation Dept.,FACEBOOK,https://www.facebook.com/susannadickinsonmuseum/
Parks and Recreation Dept.,FACEBOOK,https://www.facebook.com/ohenrymuseum/
Parks and Recreation Dept.,FACEBOOK,https://www.facebook.com/elisabetney/
Parks and Recreation Dept.,FACEBOOK,https://www.facebook.com/LifeguardAustin/
Parks and Recreation Dept.,INSTAGRAM,https://instagram.com/golfatx/
Parks and Recreation Dept.,PINTEREST,https://www.pinterest.com/elisabetneyatx/
Planning and Zoning Dept.,TWITTER,https://twitter.com/ImagineAustin
Planning and Zoning Dept.,FACEBOOK,https://www.facebook.com/ImagineAustin/
SMBR,FACEBOOK,https://www.facebook.com/Austin.Minority.Women.MBE.WBE.Enterprise/
SMBR,TWITTER,https://twitter.com/SMBR_AustinTX
SMBR,LINKED_IN,https://www.linkedin.com/company/city-of-austin-small-minority-business-resources/
Watershed Protection Dept.,FACEBOOK,https://www.facebook.com/AustinWatershed/
Watershed Protection Dept.,TWITTER,https://twitter.com/AustinWatershed
